<?xml version="1.0" encoding="UTF-8" standalone="no"?>
<licenseSummary>
  <dependencies>
    <dependency>
      <groupId>com.fasterxml.jackson.core</groupId>
      <artifactId>jackson-annotations</artifactId>
      <version>2.10.0</version>
      <licenses>
        <license>
          <name>The Apache Software License, Version 2.0</name>
          <url>http://www.apache.org/licenses/LICENSE-2.0.txt</url>
          <distribution>repo</distribution>
        </license>
      </licenses>
    </dependency>
    <dependency>
      <groupId>com.fasterxml.jackson.core</groupId>
      <artifactId>jackson-core</artifactId>
      <version>2.10.0</version>
      <licenses>
        <license>
          <name>The Apache Software License, Version 2.0</name>
          <url>http://www.apache.org/licenses/LICENSE-2.0.txt</url>
          <distribution>repo</distribution>
        </license>
      </licenses>
    </dependency>
    <dependency>
      <groupId>com.fasterxml.jackson.core</groupId>
      <artifactId>jackson-databind</artifactId>
      <version>2.10.0</version>
      <licenses>
        <license>
          <name>The Apache Software License, Version 2.0</name>
          <url>http://www.apache.org/licenses/LICENSE-2.0.txt</url>
          <distribution>repo</distribution>
        </license>
      </licenses>
    </dependency>
    <dependency>
      <groupId>com.fasterxml.jackson.datatype</groupId>
      <artifactId>jackson-datatype-jdk8</artifactId>
      <version>2.10.0</version>
      <licenses>
        <license>
          <name>The Apache Software License, Version 2.0</name>
          <url>http://www.apache.org/licenses/LICENSE-2.0.txt</url>
          <distribution>repo</distribution>
        </license>
      </licenses>
    </dependency>
    <dependency>
      <groupId>com.github.ben-manes.caffeine</groupId>
      <artifactId>caffeine</artifactId>
      <version>2.8.0</version>
      <licenses>
        <license>
          <name>Apache License, Version 2.0</name>
          <url>https://www.apache.org/licenses/LICENSE-2.0.txt</url>
          <distribution>repo</distribution>
        </license>
      </licenses>
    </dependency>
    <dependency>
      <groupId>com.google.code.gson</groupId>
      <artifactId>gson</artifactId>
      <version>2.8.5</version>
      <licenses>
        <license>
          <name>Apache 2.0</name>
          <url>http://www.apache.org/licenses/LICENSE-2.0.txt</url>
        </license>
      </licenses>
    </dependency>
    <dependency>
      <groupId>com.squareup.okhttp3</groupId>
      <artifactId>okhttp</artifactId>
      <version>3.14.3</version>
      <licenses>
        <license>
          <name>Apache 2.0</name>
          <url>http://www.apache.org/licenses/LICENSE-2.0.txt</url>
        </license>
      </licenses>
    </dependency>
    <dependency>
      <groupId>com.squareup.okio</groupId>
      <artifactId>okio</artifactId>
      <version>1.17.2</version>
      <licenses>
        <license>
          <name>Apache 2.0</name>
          <url>http://www.apache.org/licenses/LICENSE-2.0.txt</url>
        </license>
      </licenses>
    </dependency>
    <dependency>
      <groupId>com.thoughtworks.paranamer</groupId>
      <artifactId>paranamer</artifactId>
      <version>2.3</version>
      <licenses>
        <license>
          <name>BSD</name>
          <url>LICENSE.txt</url>
        </license>
      </licenses>
    </dependency>
    <dependency>
      <groupId>com.thoughtworks.xstream</groupId>
      <artifactId>xstream</artifactId>
      <version>1.4.11.1</version>
      <licenses>
        <license>
          <name>BSD style</name>
          <url>http://x-stream.github.io/license.html</url>
          <distribution>repo</distribution>
        </license>
      </licenses>
    </dependency>
    <dependency>
      <groupId>io.agroal</groupId>
      <artifactId>agroal-api</artifactId>
      <version>1.3</version>
      <licenses>
        <license>
          <name>Apache License 2.0</name>
          <url>http://www.apache.org/licenses/LICENSE-2.0.html</url>
          <distribution>repo</distribution>
        </license>
      </licenses>
    </dependency>
    <dependency>
      <groupId>io.agroal</groupId>
      <artifactId>agroal-pool</artifactId>
      <version>1.3</version>
      <licenses>
        <license>
          <name>Apache License 2.0</name>
          <url>http://www.apache.org/licenses/LICENSE-2.0.html</url>
          <distribution>repo</distribution>
        </license>
      </licenses>
    </dependency>
    <dependency>
      <groupId>io.netty</groupId>
      <artifactId>netty-buffer</artifactId>
      <version>4.1.43.Final</version>
      <licenses>
        <license>
          <name>Apache License, Version 2.0</name>
          <url>http://www.apache.org/licenses/LICENSE-2.0</url>
        </license>
      </licenses>
    </dependency>
    <dependency>
      <groupId>io.netty</groupId>
      <artifactId>netty-codec</artifactId>
      <version>4.1.43.Final</version>
      <licenses>
        <license>
          <name>Apache License, Version 2.0</name>
          <url>http://www.apache.org/licenses/LICENSE-2.0</url>
        </license>
      </licenses>
    </dependency>
    <dependency>
      <groupId>io.netty</groupId>
      <artifactId>netty-codec-http</artifactId>
      <version>4.1.43.Final</version>
      <licenses>
        <license>
          <name>Apache License, Version 2.0</name>
          <url>http://www.apache.org/licenses/LICENSE-2.0</url>
        </license>
      </licenses>
    </dependency>
    <dependency>
      <groupId>io.netty</groupId>
      <artifactId>netty-codec-http2</artifactId>
      <version>4.1.43.Final</version>
      <licenses>
        <license>
          <name>Apache License, Version 2.0</name>
          <url>http://www.apache.org/licenses/LICENSE-2.0</url>
        </license>
      </licenses>
    </dependency>
    <dependency>
      <groupId>io.netty</groupId>
      <artifactId>netty-common</artifactId>
      <version>4.1.43.Final</version>
      <licenses>
        <license>
          <name>Apache License, Version 2.0</name>
          <url>http://www.apache.org/licenses/LICENSE-2.0</url>
        </license>
      </licenses>
    </dependency>
    <dependency>
      <groupId>io.netty</groupId>
      <artifactId>netty-handler</artifactId>
      <version>4.1.43.Final</version>
      <licenses>
        <license>
          <name>Apache License, Version 2.0</name>
          <url>http://www.apache.org/licenses/LICENSE-2.0</url>
        </license>
      </licenses>
    </dependency>
    <dependency>
      <groupId>io.netty</groupId>
      <artifactId>netty-resolver</artifactId>
      <version>4.1.43.Final</version>
      <licenses>
        <license>
          <name>Apache License, Version 2.0</name>
          <url>http://www.apache.org/licenses/LICENSE-2.0</url>
        </license>
      </licenses>
    </dependency>
    <dependency>
      <groupId>io.netty</groupId>
      <artifactId>netty-transport</artifactId>
      <version>4.1.43.Final</version>
      <licenses>
        <license>
          <name>Apache License, Version 2.0</name>
          <url>http://www.apache.org/licenses/LICENSE-2.0</url>
        </license>
      </licenses>
    </dependency>
    <dependency>
      <groupId>io.netty</groupId>
      <artifactId>netty-transport-native-epoll</artifactId>
      <version>4.1.43.Final</version>
      <licenses>
        <license>
          <name>Apache License, Version 2.0</name>
          <url>http://www.apache.org/licenses/LICENSE-2.0</url>
        </license>
      </licenses>
    </dependency>
    <dependency>
      <groupId>io.netty</groupId>
      <artifactId>netty-transport-native-unix-common</artifactId>
      <version>4.1.43.Final</version>
      <licenses>
        <license>
          <name>Apache License, Version 2.0</name>
          <url>http://www.apache.org/licenses/LICENSE-2.0</url>
        </license>
      </licenses>
    </dependency>
    <dependency>
      <groupId>io.reactivex.rxjava2</groupId>
      <artifactId>rxjava</artifactId>
      <version>2.2.12</version>
      <licenses>
        <license>
          <name>The Apache Software License, Version 2.0</name>
          <url>http://www.apache.org/licenses/LICENSE-2.0.txt</url>
          <distribution>repo</distribution>
        </license>
      </licenses>
    </dependency>
    <dependency>
      <groupId>io.smallrye</groupId>
      <artifactId>smallrye-config</artifactId>
      <version>1.3.9</version>
      <licenses>
        <license>
          <name>Apache License, Version 2.0</name>
          <url>https://www.apache.org/licenses/LICENSE-2.0.txt</url>
        </license>
      </licenses>
    </dependency>
    <dependency>
      <groupId>io.smallrye</groupId>
      <artifactId>smallrye-metrics</artifactId>
      <version>2.3.0</version>
      <licenses>
        <license>
          <name>Apache License, Version 2.0</name>
          <url>https://www.apache.org/licenses/LICENSE-2.0.txt</url>
        </license>
      </licenses>
    </dependency>
    <dependency>
      <groupId>javax.el</groupId>
      <artifactId>javax.el-api</artifactId>
      <version>3.0.0</version>
      <licenses>
        <license>
          <name>CDDL + GPLv2 with classpath exception</name>
          <url>https://glassfish.dev.java.net/nonav/public/CDDL+GPL.html</url>
          <distribution>repo</distribution>
          <comments>A business-friendly OSS license</comments>
        </license>
      </licenses>
    </dependency>
    <dependency>
      <groupId>javax.enterprise</groupId>
      <artifactId>cdi-api</artifactId>
      <version>2.0</version>
      <licenses>
        <license>
          <name>Apache License, Version 2.0</name>
          <url>http://www.apache.org/licenses/LICENSE-2.0.html</url>
          <distribution>repo</distribution>
        </license>
      </licenses>
    </dependency>
    <dependency>
      <groupId>javax.inject</groupId>
      <artifactId>javax.inject</artifactId>
      <version>1</version>
      <licenses>
        <license>
          <name>The Apache Software License, Version 2.0</name>
          <url>http://www.apache.org/licenses/LICENSE-2.0.txt</url>
          <distribution>repo</distribution>
        </license>
      </licenses>
    </dependency>
    <dependency>
      <groupId>javax.interceptor</groupId>
      <artifactId>javax.interceptor-api</artifactId>
      <version>1.2</version>
      <licenses>
        <license>
          <name>CDDL + GPLv2 with classpath exception</name>
          <url>https://glassfish.dev.java.net/nonav/public/CDDL+GPL.html</url>
          <distribution>repo</distribution>
          <comments>A business-friendly OSS license</comments>
        </license>
      </licenses>
    </dependency>
    <dependency>
      <groupId>org.aesh</groupId>
      <artifactId>aesh</artifactId>
      <version>2.4</version>
      <licenses>
        <license>
          <name>Apache License, Version 2.0</name>
          <url>http://www.apache.org/licenses/LICENSE-2.0</url>
        </license>
      </licenses>
    </dependency>
    <dependency>
      <groupId>org.aesh</groupId>
      <artifactId>readline</artifactId>
      <version>2.0</version>
      <licenses>
        <license>
          <name>Apache License, Version 2.0</name>
          <url>http://www.apache.org/licenses/LICENSE-2.0</url>
        </license>
      </licenses>
    </dependency>
    <dependency>
      <groupId>org.apache.avro</groupId>
      <artifactId>avro</artifactId>
      <version>1.7.6</version>
      <licenses>
        <license>
          <name>The Apache Software License, Version 2.0</name>
          <url>http://www.apache.org/licenses/LICENSE-2.0.txt</url>
          <distribution>repo</distribution>
        </license>
      </licenses>
    </dependency>
    <dependency>
      <groupId>org.apache.commons</groupId>
      <artifactId>commons-compress</artifactId>
      <version>1.19</version>
      <licenses>
        <license>
          <name>Apache License, Version 2.0</name>
          <url>https://www.apache.org/licenses/LICENSE-2.0.txt</url>
          <distribution>repo</distribution>
        </license>
      </licenses>
    </dependency>
    <dependency>
      <groupId>org.apache.logging.log4j</groupId>
      <artifactId>log4j-api</artifactId>
      <version>2.11.2</version>
      <licenses>
        <license>
          <name>Apache License, Version 2.0</name>
          <url>https://www.apache.org/licenses/LICENSE-2.0.txt</url>
          <distribution>repo</distribution>
        </license>
      </licenses>
    </dependency>
    <dependency>
      <groupId>org.apache.logging.log4j</groupId>
      <artifactId>log4j-core</artifactId>
      <version>2.11.2</version>
      <licenses>
        <license>
          <name>Apache License, Version 2.0</name>
          <url>https://www.apache.org/licenses/LICENSE-2.0.txt</url>
          <distribution>repo</distribution>
        </license>
      </licenses>
    </dependency>
    <dependency>
      <groupId>org.apache.logging.log4j</groupId>
      <artifactId>log4j-jul</artifactId>
      <version>2.11.2</version>
      <licenses>
        <license>
          <name>Apache License, Version 2.0</name>
          <url>https://www.apache.org/licenses/LICENSE-2.0.txt</url>
          <distribution>repo</distribution>
        </license>
      </licenses>
    </dependency>
    <dependency>
      <groupId>org.apache.logging.log4j</groupId>
      <artifactId>log4j-slf4j-impl</artifactId>
      <version>2.11.2</version>
      <licenses>
        <license>
          <name>Apache License, Version 2.0</name>
          <url>https://www.apache.org/licenses/LICENSE-2.0.txt</url>
          <distribution>repo</distribution>
        </license>
      </licenses>
    </dependency>
    <dependency>
      <groupId>org.apache.lucene</groupId>
      <artifactId>lucene-analyzers-common</artifactId>
      <version>5.5.5</version>
      <licenses>
        <license>
          <name>Apache 2</name>
          <url>http://www.apache.org/licenses/LICENSE-2.0.txt</url>
        </license>
      </licenses>
    </dependency>
    <dependency>
      <groupId>org.apache.lucene</groupId>
      <artifactId>lucene-core</artifactId>
      <version>5.5.5</version>
      <licenses>
        <license>
          <name>Apache 2</name>
          <url>http://www.apache.org/licenses/LICENSE-2.0.txt</url>
        </license>
      </licenses>
    </dependency>
    <dependency>
      <groupId>org.apache.lucene</groupId>
      <artifactId>lucene-facet</artifactId>
      <version>5.5.5</version>
      <licenses>
        <license>
          <name>Apache 2</name>
          <url>http://www.apache.org/licenses/LICENSE-2.0.txt</url>
        </license>
      </licenses>
    </dependency>
    <dependency>
      <groupId>org.apache.lucene</groupId>
      <artifactId>lucene-misc</artifactId>
      <version>5.5.5</version>
      <licenses>
        <license>
          <name>Apache 2</name>
          <url>http://www.apache.org/licenses/LICENSE-2.0.txt</url>
        </license>
      </licenses>
    </dependency>
    <dependency>
      <groupId>org.apache.lucene</groupId>
      <artifactId>lucene-queries</artifactId>
      <version>5.5.5</version>
      <licenses>
        <license>
          <name>Apache 2</name>
          <url>http://www.apache.org/licenses/LICENSE-2.0.txt</url>
        </license>
      </licenses>
    </dependency>
    <dependency>
      <groupId>org.apache.lucene</groupId>
      <artifactId>lucene-queryparser</artifactId>
      <version>5.5.5</version>
      <licenses>
        <license>
          <name>Apache 2</name>
          <url>http://www.apache.org/licenses/LICENSE-2.0.txt</url>
        </license>
      </licenses>
    </dependency>
    <dependency>
      <groupId>org.codehaus.jackson</groupId>
      <artifactId>jackson-core-asl</artifactId>
      <version>1.9.13</version>
      <licenses>
        <license>
          <name>The Apache Software License, Version 2.0</name>
          <url>http://www.apache.org/licenses/LICENSE-2.0.txt</url>
          <distribution>repo</distribution>
        </license>
      </licenses>
    </dependency>
    <dependency>
      <groupId>org.codehaus.jackson</groupId>
      <artifactId>jackson-mapper-asl</artifactId>
      <version>1.9.13</version>
      <licenses>
        <license>
          <name>The Apache Software License, Version 2.0</name>
          <url>http://www.apache.org/licenses/LICENSE-2.0.txt</url>
          <distribution>repo</distribution>
        </license>
      </licenses>
    </dependency>
    <dependency>
      <groupId>org.eclipse.microprofile.config</groupId>
      <artifactId>microprofile-config-api</artifactId>
      <version>1.3</version>
      <licenses>
        <license>
          <name>Apache License, Version 2.0</name>
          <url>https://www.apache.org/licenses/LICENSE-2.0.txt</url>
          <distribution>repo</distribution>
          <comments>A business-friendly OSS license</comments>
        </license>
      </licenses>
    </dependency>
    <dependency>
      <groupId>org.eclipse.microprofile.metrics</groupId>
      <artifactId>microprofile-metrics-api</artifactId>
      <version>2.2</version>
      <licenses>
        <license>
          <name>Apache License, Version 2.0</name>
          <url>https://www.apache.org/licenses/LICENSE-2.0.txt</url>
          <distribution>repo</distribution>
          <comments>A business-friendly OSS license</comments>
        </license>
      </licenses>
    </dependency>
    <dependency>
      <groupId>org.fusesource.jansi</groupId>
      <artifactId>jansi</artifactId>
      <version>1.16</version>
      <licenses>
        <license>
          <name>The Apache Software License, Version 2.0</name>
          <url>http://www.apache.org/licenses/LICENSE-2.0.txt</url>
          <distribution>repo</distribution>
        </license>
      </licenses>
    </dependency>
    <dependency>
      <groupId>org.glassfish</groupId>
      <artifactId>javax.json</artifactId>
      <version>1.1.4</version>
      <licenses>
        <license>
          <name>Dual license consisting of the CDDL v1.1 and GPL v2</name>
          <url>https://oss.oracle.com/licenses/CDDL+GPL-1.1</url>
          <distribution>repo</distribution>
        </license>
      </licenses>
    </dependency>
    <dependency>
      <groupId>org.hibernate</groupId>
      <artifactId>hibernate-search-engine</artifactId>
      <version>5.10.7.Final</version>
      <licenses>
        <license>
          <name>GNU Lesser General Public License v2.1 or later</name>
          <url>http://www.opensource.org/licenses/LGPL-2.1</url>
          <comments>See also: http://hibernate.org/license</comments>
        </license>
      </licenses>
    </dependency>
    <dependency>
      <groupId>org.hibernate</groupId>
      <artifactId>hibernate-search-serialization-avro</artifactId>
      <version>5.10.7.Final</version>
      <licenses>
        <license>
          <name>GNU Lesser General Public License v2.1 or later</name>
          <url>http://www.opensource.org/licenses/LGPL-2.1</url>
          <comments>See also: http://hibernate.org/license</comments>
        </license>
      </licenses>
    </dependency>
    <dependency>
      <groupId>org.hibernate.common</groupId>
      <artifactId>hibernate-commons-annotations</artifactId>
      <version>5.0.4.Final</version>
      <licenses>
        <license>
          <name>GNU Lesser General Public License v2.1 or later</name>
          <url>http://www.gnu.org/licenses/lgpl-2.1.html</url>
          <distribution>repo</distribution>
          <comments>See discussion at http://hibernate.org/license for more details.</comments>
        </license>
      </licenses>
    </dependency>
    <dependency>
      <groupId>org.infinispan</groupId>
      <artifactId>infinispan-cachestore-jdbc</artifactId>
      <version>10.1.2.Final</version>
      <licenses>
        <license>
          <name>Apache License 2.0</name>
          <url>http://www.apache.org/licenses/LICENSE-2.0</url>
          <distribution>repo</distribution>
        </license>
      </licenses>
    </dependency>
    <dependency>
      <groupId>org.infinispan</groupId>
      <artifactId>infinispan-cachestore-remote</artifactId>
      <version>10.1.2.Final</version>
      <licenses>
        <license>
          <name>Apache License 2.0</name>
          <url>http://www.apache.org/licenses/LICENSE-2.0</url>
          <distribution>repo</distribution>
        </license>
      </licenses>
    </dependency>
    <dependency>
      <groupId>org.infinispan</groupId>
      <artifactId>infinispan-cachestore-rocksdb</artifactId>
      <version>10.1.2.Final</version>
      <licenses>
        <license>
          <name>Apache License 2.0</name>
          <url>http://www.apache.org/licenses/LICENSE-2.0</url>
          <distribution>repo</distribution>
        </license>
      </licenses>
    </dependency>
    <dependency>
      <groupId>org.infinispan</groupId>
      <artifactId>infinispan-cli-client</artifactId>
      <version>10.1.2.Final</version>
      <licenses>
        <license>
          <name>Apache License 2.0</name>
          <url>http://www.apache.org/licenses/LICENSE-2.0</url>
          <distribution>repo</distribution>
        </license>
      </licenses>
    </dependency>
    <dependency>
      <groupId>org.infinispan</groupId>
      <artifactId>infinispan-client-hotrod</artifactId>
      <version>10.1.2.Final</version>
      <licenses>
        <license>
          <name>Apache License 2.0</name>
          <url>http://www.apache.org/licenses/LICENSE-2.0</url>
          <distribution>repo</distribution>
        </license>
      </licenses>
    </dependency>
    <dependency>
      <groupId>org.infinispan</groupId>
      <artifactId>infinispan-client-rest</artifactId>
      <version>10.1.2.Final</version>
      <licenses>
        <license>
          <name>Apache License 2.0</name>
          <url>http://www.apache.org/licenses/LICENSE-2.0</url>
          <distribution>repo</distribution>
        </license>
      </licenses>
    </dependency>
    <dependency>
      <groupId>org.infinispan</groupId>
      <artifactId>infinispan-clustered-counter</artifactId>
      <version>10.1.2.Final</version>
      <licenses>
        <license>
          <name>Apache License 2.0</name>
          <url>http://www.apache.org/licenses/LICENSE-2.0</url>
          <distribution>repo</distribution>
        </license>
      </licenses>
    </dependency>
    <dependency>
      <groupId>org.infinispan</groupId>
      <artifactId>infinispan-clustered-lock</artifactId>
      <version>10.1.2.Final</version>
      <licenses>
        <license>
          <name>Apache License 2.0</name>
          <url>http://www.apache.org/licenses/LICENSE-2.0</url>
          <distribution>repo</distribution>
        </license>
      </licenses>
    </dependency>
    <dependency>
      <groupId>org.infinispan</groupId>
      <artifactId>infinispan-commons</artifactId>
      <version>10.1.2.Final</version>
      <licenses>
        <license>
          <name>Apache License 2.0</name>
          <url>http://www.apache.org/licenses/LICENSE-2.0</url>
          <distribution>repo</distribution>
        </license>
      </licenses>
    </dependency>
    <dependency>
      <groupId>org.infinispan</groupId>
      <artifactId>infinispan-core</artifactId>
      <version>10.1.2.Final</version>
      <licenses>
        <license>
          <name>Apache License 2.0</name>
          <url>http://www.apache.org/licenses/LICENSE-2.0</url>
          <distribution>repo</distribution>
        </license>
      </licenses>
    </dependency>
    <dependency>
      <groupId>org.infinispan</groupId>
      <artifactId>infinispan-directory-provider</artifactId>
      <version>10.1.2.Final</version>
      <licenses>
        <license>
          <name>Apache License 2.0</name>
          <url>http://www.apache.org/licenses/LICENSE-2.0</url>
          <distribution>repo</distribution>
        </license>
      </licenses>
    </dependency>
    <dependency>
      <groupId>org.infinispan</groupId>
      <artifactId>infinispan-jboss-marshalling</artifactId>
      <version>10.1.2.Final</version>
      <licenses>
        <license>
          <name>Apache License 2.0</name>
          <url>http://www.apache.org/licenses/LICENSE-2.0</url>
          <distribution>repo</distribution>
        </license>
      </licenses>
    </dependency>
    <dependency>
      <groupId>org.infinispan</groupId>
      <artifactId>infinispan-lucene-directory</artifactId>
      <version>10.1.2.Final</version>
      <licenses>
        <license>
          <name>Apache License 2.0</name>
          <url>http://www.apache.org/licenses/LICENSE-2.0</url>
          <distribution>repo</distribution>
        </license>
      </licenses>
    </dependency>
    <dependency>
      <groupId>org.infinispan</groupId>
      <artifactId>infinispan-multimap</artifactId>
      <version>10.1.2.Final</version>
      <licenses>
        <license>
          <name>Apache License 2.0</name>
          <url>http://www.apache.org/licenses/LICENSE-2.0</url>
          <distribution>repo</distribution>
        </license>
      </licenses>
    </dependency>
    <dependency>
      <groupId>org.infinispan</groupId>
      <artifactId>infinispan-objectfilter</artifactId>
      <version>10.1.2.Final</version>
      <licenses>
        <license>
          <name>Apache License 2.0</name>
          <url>http://www.apache.org/licenses/LICENSE-2.0</url>
          <distribution>repo</distribution>
        </license>
      </licenses>
    </dependency>
    <dependency>
      <groupId>org.infinispan</groupId>
      <artifactId>infinispan-persistence-soft-index</artifactId>
      <version>10.1.2.Final</version>
      <licenses>
        <license>
          <name>Apache License 2.0</name>
          <url>http://www.apache.org/licenses/LICENSE-2.0</url>
          <distribution>repo</distribution>
        </license>
      </licenses>
    </dependency>
    <dependency>
      <groupId>org.infinispan</groupId>
      <artifactId>infinispan-query</artifactId>
      <version>10.1.2.Final</version>
      <licenses>
        <license>
          <name>Apache License 2.0</name>
          <url>http://www.apache.org/licenses/LICENSE-2.0</url>
          <distribution>repo</distribution>
        </license>
      </licenses>
    </dependency>
    <dependency>
      <groupId>org.infinispan</groupId>
      <artifactId>infinispan-query-core</artifactId>
      <version>10.1.2.Final</version>
      <licenses>
        <license>
          <name>Apache License 2.0</name>
          <url>http://www.apache.org/licenses/LICENSE-2.0</url>
          <distribution>repo</distribution>
        </license>
      </licenses>
    </dependency>
    <dependency>
      <groupId>org.infinispan</groupId>
      <artifactId>infinispan-query-dsl</artifactId>
      <version>10.1.2.Final</version>
      <licenses>
        <license>
          <name>Apache License 2.0</name>
          <url>http://www.apache.org/licenses/LICENSE-2.0</url>
          <distribution>repo</distribution>
        </license>
      </licenses>
    </dependency>
    <dependency>
      <groupId>org.infinispan</groupId>
      <artifactId>infinispan-remote-query-client</artifactId>
      <version>10.1.2.Final</version>
      <licenses>
        <license>
          <name>Apache License 2.0</name>
          <url>http://www.apache.org/licenses/LICENSE-2.0</url>
          <distribution>repo</distribution>
        </license>
      </licenses>
    </dependency>
    <dependency>
      <groupId>org.infinispan</groupId>
      <artifactId>infinispan-remote-query-server</artifactId>
      <version>10.1.2.Final</version>
      <licenses>
        <license>
          <name>Apache License 2.0</name>
          <url>http://www.apache.org/licenses/LICENSE-2.0</url>
          <distribution>repo</distribution>
        </license>
      </licenses>
    </dependency>
    <dependency>
      <groupId>org.infinispan</groupId>
      <artifactId>infinispan-scripting</artifactId>
      <version>10.1.2.Final</version>
      <licenses>
        <license>
          <name>Apache License 2.0</name>
          <url>http://www.apache.org/licenses/LICENSE-2.0</url>
          <distribution>repo</distribution>
        </license>
      </licenses>
    </dependency>
    <dependency>
      <groupId>org.infinispan</groupId>
      <artifactId>infinispan-server-core</artifactId>
      <version>10.1.2.Final</version>
      <licenses>
        <license>
          <name>Apache License 2.0</name>
          <url>http://www.apache.org/licenses/LICENSE-2.0</url>
          <distribution>repo</distribution>
        </license>
      </licenses>
    </dependency>
    <dependency>
      <groupId>org.infinispan</groupId>
      <artifactId>infinispan-server-hotrod</artifactId>
      <version>10.1.2.Final</version>
      <licenses>
        <license>
          <name>Apache License 2.0</name>
          <url>http://www.apache.org/licenses/LICENSE-2.0</url>
          <distribution>repo</distribution>
        </license>
      </licenses>
    </dependency>
    <dependency>
      <groupId>org.infinispan</groupId>
      <artifactId>infinispan-server-memcached</artifactId>
      <version>10.1.2.Final</version>
      <licenses>
        <license>
          <name>Apache License 2.0</name>
          <url>http://www.apache.org/licenses/LICENSE-2.0</url>
          <distribution>repo</distribution>
        </license>
      </licenses>
    </dependency>
    <dependency>
      <groupId>org.infinispan</groupId>
      <artifactId>infinispan-server-rest</artifactId>
      <version>10.1.2.Final</version>
      <licenses>
        <license>
          <name>Apache License 2.0</name>
          <url>http://www.apache.org/licenses/LICENSE-2.0</url>
          <distribution>repo</distribution>
        </license>
      </licenses>
    </dependency>
    <dependency>
      <groupId>org.infinispan</groupId>
      <artifactId>infinispan-server-router</artifactId>
      <version>10.1.2.Final</version>
      <licenses>
        <license>
          <name>Apache License 2.0</name>
          <url>http://www.apache.org/licenses/LICENSE-2.0</url>
          <distribution>repo</distribution>
        </license>
      </licenses>
    </dependency>
    <dependency>
      <groupId>org.infinispan</groupId>
      <artifactId>infinispan-tasks</artifactId>
      <version>10.1.2.Final</version>
      <licenses>
        <license>
          <name>Apache License 2.0</name>
          <url>http://www.apache.org/licenses/LICENSE-2.0</url>
          <distribution>repo</distribution>
        </license>
      </licenses>
    </dependency>
    <dependency>
      <groupId>org.infinispan</groupId>
      <artifactId>infinispan-tasks-api</artifactId>
      <version>10.1.2.Final</version>
      <licenses>
        <license>
          <name>Apache License 2.0</name>
          <url>http://www.apache.org/licenses/LICENSE-2.0</url>
          <distribution>repo</distribution>
        </license>
      </licenses>
    </dependency>
    <dependency>
      <groupId>org.infinispan.protostream</groupId>
      <artifactId>protostream</artifactId>
      <version>4.3.2.Final</version>
      <licenses>
        <license>
          <name>Apache License 2.0</name>
          <url>http://www.apache.org/licenses/LICENSE-2.0</url>
          <distribution>repo</distribution>
        </license>
      </licenses>
    </dependency>
    <dependency>
      <groupId>org.jboss.logging</groupId>
      <artifactId>jboss-logging</artifactId>
      <version>3.4.1.Final</version>
      <licenses>
        <license>
          <name>Apache License, version 2.0</name>
          <url>http://www.apache.org/licenses/LICENSE-2.0.txt</url>
          <distribution>repo</distribution>
        </license>
      </licenses>
    </dependency>
    <dependency>
      <groupId>org.jboss.marshalling</groupId>
      <artifactId>jboss-marshalling-osgi</artifactId>
      <version>2.0.9.Final</version>
      <licenses>
        <license>
          <name>Apache License 2.0</name>
          <url>http://repository.jboss.org/licenses/apache-2.0.txt</url>
          <distribution>repo</distribution>
        </license>
      </licenses>
    </dependency>
    <dependency>
      <groupId>org.jboss.spec.javax.transaction</groupId>
      <artifactId>jboss-transaction-api_1.2_spec</artifactId>
      <version>1.1.1.Final</version>
      <licenses>
        <license>
          <name>Common Development and Distribution License</name>
          <url>http://repository.jboss.org/licenses/cddl.txt</url>
          <distribution>repo</distribution>
        </license>
        <license>
          <name>GNU General Public License, Version 2 with the Classpath Exception</name>
          <url>http://repository.jboss.org/licenses/gpl-2.0-ce.txt</url>
          <distribution>repo</distribution>
        </license>
      </licenses>
    </dependency>
    <dependency>
      <groupId>org.jboss.threads</groupId>
      <artifactId>jboss-threads</artifactId>
      <version>2.3.2.Final</version>
      <licenses>
        <license>
          <name>Apache License 2.0</name>
          <url>http://www.apache.org/licenses/LICENSE-2.0.txt</url>
        </license>
      </licenses>
    </dependency>
    <dependency>
      <groupId>org.jgroups</groupId>
      <artifactId>jgroups</artifactId>
      <version>4.1.8.Final</version>
      <licenses>
        <license>
          <name>Apache License 2.0</name>
          <url>http://www.apache.org/licenses/LICENSE-2.0.html</url>
        </license>
      </licenses>
    </dependency>
    <dependency>
      <groupId>org.reactivestreams</groupId>
      <artifactId>reactive-streams</artifactId>
      <version>1.0.2</version>
      <licenses>
        <license>
          <name>CC0</name>
          <url>http://creativecommons.org/publicdomain/zero/1.0/</url>
          <distribution>repo</distribution>
        </license>
      </licenses>
    </dependency>
    <dependency>
      <groupId>org.rocksdb</groupId>
      <artifactId>rocksdbjni</artifactId>
      <version>6.2.2</version>
      <licenses>
        <license>
          <name>Apache License 2.0</name>
          <url>http://www.apache.org/licenses/LICENSE-2.0.html</url>
          <distribution>repo</distribution>
        </license>
        <license>
          <name>GNU General Public License, version 2</name>
          <url>http://www.gnu.org/licenses/gpl-2.0.html</url>
          <distribution>repo</distribution>
        </license>
      </licenses>
    </dependency>
    <dependency>
      <groupId>org.slf4j</groupId>
      <artifactId>slf4j-api</artifactId>
      <version>1.7.25</version>
      <licenses>
        <license>
          <name>MIT License</name>
          <url>http://www.opensource.org/licenses/mit-license.php</url>
          <distribution>repo</distribution>
        </license>
      </licenses>
    </dependency>
    <dependency>
      <groupId>org.wildfly.common</groupId>
      <artifactId>wildfly-common</artifactId>
      <version>1.5.1.Final</version>
      <licenses>
        <license>
          <name>Apache License 2.0</name>
          <url>http://repository.jboss.org/licenses/apache-2.0.txt</url>
          <distribution>repo</distribution>
        </license>
      </licenses>
    </dependency>
    <dependency>
      <groupId>org.wildfly.openssl</groupId>
      <artifactId>wildfly-openssl-java</artifactId>
      <version>1.0.9.Final</version>
      <licenses>
        <license>
          <name>Apache License Version 2.0</name>
          <url>http://repository.jboss.org/licenses/apache-2.0.txt</url>
          <distribution>repo</distribution>
        </license>
      </licenses>
    </dependency>
    <dependency>
      <groupId>org.wildfly.openssl</groupId>
      <artifactId>wildfly-openssl-linux-x86_64</artifactId>
      <version>1.0.9.Final</version>
      <licenses>
        <license>
          <name>Apache License Version 2.0</name>
          <url>http://repository.jboss.org/licenses/apache-2.0.txt</url>
          <distribution>repo</distribution>
        </license>
      </licenses>
    </dependency>
    <dependency>
      <groupId>org.wildfly.security</groupId>
      <artifactId>wildfly-elytron</artifactId>
      <version>1.10.3.Final</version>
      <licenses>
        <license>
          <name>Apache License 2.0</name>
          <url>http://www.apache.org/licenses/LICENSE-2.0.txt</url>
        </license>
      </licenses>
    </dependency>
  </dependencies>
</licenseSummary>
