<?xml version="1.0" encoding="UTF-8" standalone="no"?>
<licenseSummary>
  <dependencies>
    <dependency>
      <packageName>angular</packageName>
      <version>1.5.11</version>
      <licenses>
        <license>
          <name>The MIT License</name>
          <url>https://opensource.org/licenses/MIT</url>
        </license>
      </licenses>
    </dependency>

    <dependency>
      <packageName>angular-drag-and-drop-lists</packageName>
      <version>2.0.11</version>
      <licenses>
        <license>
          <name>The MIT License</name>
          <url>https://opensource.org/licenses/MIT</url>
        </license>
      </licenses>
    </dependency>

    <dependency>
      <packageName>angular-local-storage</packageName>
      <version>0.5.0</version>
      <licenses>
        <license>
          <name>The MIT License</name>
          <url>https://opensource.org/licenses/MIT</url>
        </license>
      </licenses>
    </dependency>

    <dependency>
      <packageName>angular-patternfly</packageName>
      <version>1.5.11</version>
      <licenses>
        <license>
          <name>The MIT License</name>
          <url>https://opensource.org/licenses/MIT</url>
        </license>
      </licenses>
    </dependency>

    <dependency>
      <packageName>angular-sanitize</packageName>
      <version>1.5.11</version>
      <licenses>
        <license>
          <name>The MIT License</name>
          <url>https://opensource.org/licenses/MIT</url>
        </license>
      </licenses>
    </dependency>

    <dependency>
      <packageName>angular-translate</packageName>
      <version>2.11.1</version>
      <licenses>
        <license>
          <name>The MIT License</name>
          <url>https://opensource.org/licenses/MIT</url>
        </license>
      </licenses>
    </dependency>

    <dependency>
      <packageName>angular-translate-loader-static-files</packageName>
      <version>2.11.1</version>
      <licenses>
        <license>
          <name>The MIT License</name>
          <url>https://opensource.org/licenses/MIT</url>
        </license>
      </licenses>
    </dependency>

    <dependency>
      <packageName>angular-ui-bootstrap</packageName>
      <version>2.2.0</version>
      <licenses>
        <license>
          <name>The MIT License</name>
          <url>https://opensource.org/licenses/MIT</url>
        </license>
      </licenses>
    </dependency>

    <dependency>
      <packageName>angular-ui-router</packageName>
      <version>0.3.1</version>
      <licenses>
        <license>
          <name>The MIT License</name>
          <url>https://opensource.org/licenses/MIT</url>
        </license>
      </licenses>
    </dependency>

    <dependency>
      <packageName>angularjs-dropdown-multiselect</packageName>
      <version>2.0.0-beta.10</version>
      <licenses>
        <license>
          <name>The MIT License</name>
          <url>https://opensource.org/licenses/MIT</url>
        </license>
      </licenses>
    </dependency>

    <dependency>
      <packageName>bootstrap-css</packageName>
      <version>3.0.0</version>
      <licenses>
        <license>
          <name>The MIT License</name>
          <url>https://opensource.org/licenses/MIT</url>
        </license>
      </licenses>
    </dependency>

    <dependency>
      <packageName>bootstrap</packageName>
      <version>3.3.7</version>
      <licenses>
        <license>
          <name>The MIT License</name>
          <url>https://opensource.org/licenses/MIT</url>
        </license>
      </licenses>
    </dependency>

    <dependency>
      <packageName>c3</packageName>
      <version>0.4.11</version>
      <licenses>
        <license>
          <name>The MIT License</name>
          <url>https://opensource.org/licenses/MIT</url>
        </license>
      </licenses>
    </dependency>

  	<dependency>
      <packageName>c3-angular</packageName>
      <version>3.5.17</version>
      <licenses>
        <license>
          <name>The 3-Clause BSD License</name>
          <url>https://opensource.org/licenses/BSD-3-Clause</url>
        </license>
      </licenses>
    </dependency>

	<dependency>
      <packageName>d3</packageName>
      <version>1.0.1</version>
      <licenses>
        <license>
          <name>The MIT License</name>
          <url>https://opensource.org/licenses/MIT</url>
        </license>
      </licenses>
    </dependency>

    <dependency>
      <packageName>deepmerge</packageName>
      <version>1.3.2</version>
      <licenses>
        <license>
          <name>The MIT License</name>
          <url>https://opensource.org/licenses/MIT</url>
        </license>
      </licenses>
    </dependency>

    <dependency>
      <packageName>http-proxy</packageName>
      <version>1.14.0</version>
      <licenses>
        <license>
          <name>The MIT License</name>
          <url>https://opensource.org/licenses/MIT</url>
        </license>
      </licenses>
    </dependency>

    <dependency>
      <packageName>jquery</packageName>
      <version>3.1.0</version>
      <licenses>
        <license>
          <name>The MIT License</name>
          <url>https://opensource.org/licenses/MIT</url>
        </license>
      </licenses>
    </dependency>

    <dependency>
      <packageName>jquery-match-height</packageName>
      <version>0.7.2</version>
      <licenses>
        <license>
          <name>The MIT License</name>
          <url>https://opensource.org/licenses/MIT</url>
        </license>
      </licenses>
    </dependency>

    <dependency>
      <packageName>patternfly</packageName>
      <version>4.0.0</version>
      <licenses>
        <license>
          <name>The Apache Software License, Version 2.0</name>
          <url>https://www.apache.org/licenses/LICENSE-2.0</url>
        </license>
      </licenses>
    </dependency>
  </dependencies>
</licenseSummary>
