<infinispan
        xmlns:xsi="http://www.w3.org/2001/XMLSchema-instance"
        xsi:schemaLocation="urn:infinispan:config:10.1 https://infinispan.org/schemas/infinispan-config-10.1.xsd
                            urn:infinispan:server:10.1 https://infinispan.org/schemas/infinispan-server-10.1.xsd
                            urn:org:jgroups http://www.jgroups.org/schema/jgroups-4.0.xsd"
        xmlns="urn:infinispan:config:10.1"
        xmlns:server="urn:infinispan:server:10.1">

   <jgroups>
      <stack name="xsite" extends="udp">
         <relay.RELAY2 site="LON" xmlns="urn:org:jgroups"/>
         <remote-sites default-stack="tcp">
            <remote-site name="LON"/>
            <remote-site name="NYC"/>
         </remote-sites>
      </stack>
   </jgroups>


   <cache-container name="default" statistics="true">
      <transport cluster="${infinispan.cluster.name}" stack="xsite"/>
   </cache-container>

   <server xmlns="urn:infinispan:server:10.1">
      <interfaces>
         <interface name="public">
            <inet-address value="${infinispan.bind.address:127.0.0.1}"/>
         </interface>
      </interfaces>

      <socket-bindings default-interface="public" port-offset="${infinispan.socket.binding.port-offset:0}">
         <socket-binding name="default" port="${infinispan.bind.port:11222}"/>
         <socket-binding name="memcached" port="11221"/>
      </socket-bindings>

      <security>
         <security-realms>
            <security-realm name="default">
               <!-- Uncomment to enable TLS on the realm -->
               <!-- server-identities>
                  <ssl>
                     <keystore path="application.keystore" relative-to="infinispan.server.config.path"
                               keystore-password="password" alias="server" key-password="password"
                               generate-self-signed-certificate-host="localhost"/>
                  </ssl>
               </server-identities-->
               <properties-realm groups-attribute="Roles">
                  <user-properties path="users.properties" relative-to="infinispan.server.config.path"
                                   plain-text="true"/>
                  <group-properties path="groups.properties" relative-to="infinispan.server.config.path"/>
               </properties-realm>
            </security-realm>
         </security-realms>
      </security>

      <endpoints socket-binding="default" security-realm="default">
         <hotrod-connector name="hotrod"/>
         <rest-connector name="rest"/>
         <!-- Uncomment to enable the memcached connector -->
         <!-- memcached-connector socket-binding="memcached" / -->
      </endpoints>
   </server>
</infinispan>
